INSERT INTO DOKTOR (ad,soyad, uzmanlik_alani, email, telefon) VALUES
('Ahmet','Yılmaz','Nöroloji','ahmet.yilmaz@hastane.com','5320000001'),
('Mehmet','Kaya','Patoloji','mehmet.kaya@hastane.com','5320000002'),
('Ayşe','Demir','Genetik','ayse.demir@hastane.com','5320000003'),
('Fatma', 'Şahin','Biyokimya','fatma.sahin@hastane.com','5320000004'),
('Ali' ,'Çelik','Mikrobiyoloji','ali.celik@hastane.com','5320000005'),
('Mustafa', 'Aydın','Nöroloji','mustafa.aydin@hastane.com','5320000006'),
('Zeynep', 'Arslan','Patoloji','zeynep.arslan@hastane.com','5320000007'),
('Emre', 'Doğan','Genetik','emre.dogan@hastane.com','5320000008'),
('Elif' ,'Koç','Biyokimya','elif.koc@hastane.com','5320000009'),
('Merve' ,'Kılıç','Mikrobiyoloji','merve.kilic@hastane.com','5320000010'),
('Burak', 'Yıldız','Nöroloji','burak.yildiz@hastane.com','5320000011'),
('Seda', 'Öztürk','Patoloji','seda.ozturk@hastane.com','5320000012'),
('Hakan', 'Aslan','Genetik','hakan.aslan@hastane.com','5320000013'),
('Esra', 'Aksoy','Biyokimya','esra.aksoy@hastane.com','5320000014'),
('Can', 'Polat','Mikrobiyoloji','can.polat@hastane.com','5320000015'),
('Buse', 'Güneş','Nöroloji','buse.gunes@hastane.com','5320000016'),
('Kerem','Kurt','Patoloji','kerem.kurt@hastane.com','5320000017'),
('Derya','Yalçın','Genetik','derya.yalcin@hastane.com','5320000018'),
('Oğuz','Kara','Biyokimya','oguz.kara@hastane.com','5320000019'),
('Sinem','Eren','Mikrobiyoloji','sinem.eren@hastane.com','5320000020'),
('Kaan','Işık','Nöroloji','kaan.isik@hastane.com','5320000021'),
('Nazlı','Yavuz','Patoloji','nazli.yavuz@hastane.com','5320000022'),
('Mert','Özdemir','Genetik','mert.ozdemir@hastane.com','5320000023'),
('Ece','Kaplan','Biyokimya','ece.kaplan@hastane.com','5320000024'),
('Furkan','Çetin','Mikrobiyoloji','furkan.cetin@hastane.com','5320000025'),
('İrem','Sarı','Nöroloji','irem.sari@hastane.com','5320000026'),
('Onur','Yılmaz','Patoloji','onur.yilmaz@hastane.com','5320000027'),
('Ceren','Kaya','Genetik','ceren.kaya@hastane.com','5320000028'),
('Umut','Demir','Biyokimya','umut.demir@hastane.com','5320000029'),
('Gizem','Şahin','Mikrobiyoloji','gizem.sahin@hastane.com','5320000030'),
('Selim','Çelik','Nöroloji','selim.celik@hastane.com','5320000031'),
('Aslı','Aydın','Patoloji','asli.aydin@hastane.com','5320000032'),
('Yusuf','Arslan','Genetik','yusuf.arslan@hastane.com','5320000033'),
('Nisa','Doğan','Biyokimya','nisa.dogan@hastane.com','5320000034'),
('Tolga','Koç','Mikrobiyoloji','tolga.koc@hastane.com','5320000035'),
('Sıla','Kılıç','Nöroloji','sila.kilic@hastane.com','5320000036'),
('Berk','Yıldız','Patoloji','berk.yildiz@hastane.com','5320000037'),
('Melis','Öztürk','Genetik','melis.ozturk@hastane.com','5320000038'),
('Eren','Aslan','Biyokimya','eren.aslan@hastane.com','5320000039'),
('Şeyma','Aksoy','Mikrobiyoloji','seyma.aksoy@hastane.com','5320000040'),
('Batuhan','Polat','Nöroloji','batuhan.polat@hastane.com','5320000041'),
('Tuğba','Güneş','Patoloji','tugba.gunes@hastane.com','5320000042'),
('Serkan','Kurt','Genetik','serkan.kurt@hastane.com','5320000043'),
('Hande','Yalçın','Biyokimya','hande.yalcin@hastane.com','5320000044'),
('Volkan','Kara','Mikrobiyoloji','volkan.kara@hastane.com','5320000045'),
('Pınar','Eren','Nöroloji','pinar.eren@hastane.com','5320000046'),
('Arda','Işık','Patoloji','arda.isik@hastane.com','5320000047'),
('Bahar','Yavuz','Genetik','bahar.yavuz@hastane.com','5320000048'),
('Halil','Özdemir','Biyokimya','halil.ozdemir@hastane.com','5320000049'),
('Rabia','Kaplan','Mikrobiyoloji','rabia.kaplan@hastane.com','5320000050');

INSERT INTO HASTA (ad, soyad, dogum_tarihi, cinsiyet, telefon, email, yakin_telefon, tcno) VALUES
('Ali', 'Yılmaz', '1980-05-15', 'E', '5051111101', 'ali.yilmaz@mail.com', '5052222201', '10000000001'),
('Ayşe', 'Kaya', '1992-08-22', 'K', '5051111102', 'ayse.kaya@mail.com', '5052222202', '10000000002'),
('Mehmet', 'Demir', '1975-12-10', 'E', '5051111103', 'mehmet.demir@mail.com', '5052222203', '10000000003'),
('Fatma', 'Çelik', '1988-03-30', 'K', '5051111104', 'fatma.celik@mail.com', '5052222204', '10000000004'),
('Can', 'Öztürk', '2001-01-20', 'E', '5051111105', 'can.ozturk@mail.com', '5052222205', '10000000005'),
('Zeynep', 'Aydın', '1995-07-14', 'K', '5051111106', 'zeynep.aydin@mail.com', '5052222206', '10000000006'),
('Mustafa', 'Arslan', '1982-11-05', 'E', '5051111107', 'mustafa.arslan@mail.com', '5052222207', '10000000007'),
('Elif', 'Şahin', '1990-09-18', 'K', '5051111108', 'elif.sahin@mail.com', '5052222208', '10000000008'),
('Emre', 'Koç', '1978-04-25', 'E', '5051111109', 'emre.koc@mail.com', '5052222209', '10000000009'),
('Merve', 'Yıldız', '1993-02-12', 'K', '5051111110', 'merve.yildiz@mail.com', '5052222210', '10000000010'),
('Burak', 'Doğan', '1985-06-30', 'E', '5051111111', 'burak.dogan@mail.com', '5052222211', '10000000011'),
('Seda', 'Kurt', '1998-12-01', 'K', '5051111112', 'seda.kurt@mail.com', '5052222212', '10000000012'),
('Hakan', 'Aslan', '1970-08-15', 'E', '5051111113', 'hakan.aslan1@mail.com', '5052222213', '10000000013'),
('Esra', 'Kılıç', '1987-05-20', 'K', '5051111114', 'esra.kilic@mail.com', '5052222214', '10000000014'),
('Oğuz', 'Çetin', '1991-03-10', 'E', '5051111115', 'oguz.cetin@mail.com', '5052222215', '10000000015'),
('Derya', 'Güneş', '1984-10-22', 'K', '5051111116', 'derya.gunes@mail.com', '5052222216', '10000000016'),
('Kerem', 'Umut', '1996-01-05', 'E', '5051111117', 'kerem.umut@mail.com', '5052222217', '10000000017'),
('Buse', 'Yavuz', '1999-07-07', 'K', '5051111118', 'buse.yavuz@mail.com', '5052222218', '10000000018'),
('Mert', 'Kaplan', '1983-09-14', 'E', '5051111119', 'mert.kaplan@mail.com', '5052222219', '10000000019'),
('Ece', 'Sarı', '1994-11-30', 'K', '5051111120', 'ece.sari@mail.com', '5052222220', '10000000020'),
('Kaan', 'Özdemir', '1977-02-28', 'E', '5051111121', 'kaan.ozdemir@mail.com', '5052222221', '10000000021'),
('Nazlı', 'Işık', '1989-04-12', 'K', '5051111122', 'nazli.isik@mail.com', '5052222222', '10000000022'),
('Furkan', 'Eren', '1992-06-18', 'E', '5051111123', 'furkan.eren@mail.com', '5052222223', '10000000023'),
('Sinem', 'Kara', '1986-08-05', 'K', '5051111124', 'sinem.kara@mail.com', '5052222224', '10000000024'),
('Onur', 'Polat', '2000-10-10', 'E', '5051111125', 'onur.polat@mail.com', '5052222225', '10000000025'),
('İrem', 'Aydın', '1997-12-25', 'K', '5051111126', 'irem.aydin2@mail.com', '5052222226', '10000000026'),
('Selim', 'Yalçın', '1972-03-15', 'E', '5051111127', 'selim.yalcin@mail.com', '5052222227', '10000000027'),
('Ceren', 'Aksoy', '1995-05-05', 'K', '5051111128', 'ceren.aksoy@mail.com', '5052222228', '10000000028'),
('Umut', 'Turan', '1981-01-01', 'E', '5051111129', 'umut.turan@mail.com', '5052222229', '10000000029'),
('Gizem', 'Deniz', '1993-09-09', 'K', '5051111130', 'gizem.deniz@mail.com', '5052222230', '10000000030'),
('Tolga', 'Bulut', '1984-04-04', 'E', '5051111131', 'tolga.bulut@mail.com', '5052222231', '10000000031'),
('Nisa', 'Yaman', '1998-11-11', 'K', '5051111132', 'nisa.yaman@mail.com', '5052222232', '10000000032'),
('Berk', 'Gül', '1976-07-17', 'E', '5051111133', 'berk.gul@mail.com', '5052222233', '10000000033'),
('Melis', 'Can', '1990-02-02', 'K', '5051111134', 'melis.can@mail.com', '5052222234', '10000000034'),
('Eren', 'Sönmez', '1988-06-06', 'E', '5051111135', 'eren.sonmez@mail.com', '5052222235', '10000000035'),
('Şeyma', 'Avcı', '1996-10-10', 'K', '5051111136', 'seyma.avci@mail.com', '5052222236', '10000000036'),
('Batuhan', 'Tekin', '1982-08-28', 'E', '5051111137', 'batuhan.tekin@mail.com', '5052222237', '10000000037'),
('Tuğba', 'Yılmaz', '1991-05-15', 'K', '5051111138', 'tugba.yilmaz@mail.com', '5052222238', '10000000038'),
('Serkan', 'Kaya', '1979-03-03', 'E', '5051111139', 'serkan.kaya@mail.com', '5052222239', '10000000039'),
('Hande', 'Demir', '1994-12-12', 'K', '5051111140', 'hande.demir@mail.com', '5052222240', '10000000040'),
('Volkan', 'Çelik', '1985-09-25', 'E', '5051111141', 'volkan.celik@mail.com', '5052222241', '10000000041'),
('Pınar', 'Öztürk', '1992-01-30', 'K', '5051111142', 'pinar.ozturk@mail.com', '5052222242', '10000000042'),
('Arda', 'Aydın', '1980-07-20', 'E', '5051111143', 'arda.aydin@mail.com', '5052222243', '10000000043'),
('Bahar', 'Arslan', '1997-04-10', 'K', '5051111144', 'bahar.arslan@mail.com', '5052222244', '10000000044'),
('Halil', 'Şahin', '1974-11-22', 'E', '5051111145', 'halil.sahin@mail.com', '5052222245', '10000000045'),
('Rabia', 'Koç', '1989-06-05', 'K', '5051111146', 'rabia.koc@mail.com', '5052222246', '10000000046'),
('Yusuf', 'Yıldız', '1983-10-15', 'E', '5051111147', 'yusuf.yildiz@mail.com', '5052222247', '10000000047'),
('Sıla', 'Doğan', '1995-02-28', 'K', '5051111148', 'sila.dogan@mail.com', '5052222248', '10000000048'),
('Mete', 'Kurt', '1978-08-12', 'E', '5051111149', 'mete.kurt@mail.com', '5052222249', '10000000049'),
('Aslı', 'Aslan', '1993-01-05', 'K', '5051111150', 'asli.aslan@mail.com', '5052222250', '10000000050');

INSERT INTO DEPOLAMA_BIRIMI (dondurucu_no, raf_no, oda_kodu, sicaklik, kapasite) VALUES
('D1','R1','B201',-20,50),
('D1','R2','B202',-20,50),
('D1','R3','B203',-20,50),
('D1','R4','B204',-20,50),
('D1','R5','B205',-20,50),
('D2','R1','B206',-30,50),
('D2','R2','B207',-30,50),
('D2','R3','B208',-30,50),
('D2','R4','B209',-30,50),
('D2','R5','B210',-30,50),
('D3','R1','B211',-40,50),
('D3','R2','B212',-40,50),
('D3','R3','B213',-40,50),
('D3','R4','B214',-40,50),
('D3','R5','B215',-40,50),
('D4','R1','B216',-80,50),
('D4','R2','B217',-80,50),
('D4','R3','B218',-80,50),
('D4','R4','B219',-80,50),
('D4','R5','B220',-80,50),
('D5','R1','B221',-20,50),
('D5','R2','B222',-20,50),
('D5','R3','B223',-20,50),
('D5','R4','B224',-20,50),
('D5','R5','B225',-20,50),
('D6','R1','B226',-30,50),
('D6','R2','B227',-30,50),
('D6','R3','B228',-30,50),
('D6','R4','B229',-30,50),
('D6','R5','B230',-30,50),
('D7','R1','B231',-40,50),
('D7','R2','B232',-40,50),
('D7','R3','B233',-40,50),
('D7','R4','B234',-40,50),
('D7','R5','B235',-40,50),
('D8','R1','B236',-80,50),
('D8','R2','B237',-80,50),
('D8','R3','B238',-80,50),
('D8','R4','B239',-80,50),
('D8','R5','B240',-80,50),
('D9','R1','B241',-20,50),
('D9','R2','B242',-20,50),
('D9','R3','B243',-20,50),
('D9','R4','B244',-20,50),
('D9','R5','B245',-20,50),
('D10','R1','B246',-30,50),
('D10','R2','B247',-30,50),
('D10','R3','B248',-30,50),
('D10','R4','B249',-30,50),
('D10','R5','B250',-30,50);

INSERT INTO GENETIK_MARKER (marker_adi, gen_lokasyonu) VALUES
('BRCA1', '17q21.31'), ('BRCA2', '13q13.1'), ('EGFR', '7p11.2'), ('TP53', '17p13.1'), ('APOE', '19q13.32'),
('HER2', '17q12'), ('KRAS', '12p12.1'), ('BRAF', '7q34'), ('PTEN', '10q23.31'), ('APC', '5q22.2'),
('MYC', '8q24.21'), ('RB1', '13q14.2'), ('VHL', '3p25.3'), ('MLH1', '3p22.2'), ('MSH2', '2p21'),
('MSH6', '2p16.3'), ('PMS2', '7p22.1'), ('CDKN2A', '9p21.3'), ('PALB2', '16p12.2'), ('STK11', '19p13.3'),
('RET', '10q11.21'), ('MET', '7q31.2'), ('KIT', '4q12'), ('FGFR1', '8p11.23'), ('FGFR2', '10q26.13'),
('FGFR3', '4p16.3'), ('ALK', '2p23.2'), ('ROS1', '6q22.1'), ('NTRK1', '1q23.1'), ('NTRK2', '9q21.33'),
('NTRK3', '15q25.3'), ('PIK3CA', '3q26.32'), ('AKT1', '14q32.33'), ('MTOR', '1p36.22'), ('AR', 'Xq12'),
('ESR1', '6q25.1'), ('GATA3', '10p14'), ('FOXA1', '14q21.1'), ('SMAD4', '18q21.2'), ('IDH1', '2q33.3'),
('IDH2', '15q26.1'), ('TERT', '5p15.33'), ('ATM', '11q22.3'), ('CHEK2', '22q12.1'), ('BARD1', '2q35'),
('RAD51C', '17q12'), ('RAD51D', '17q12'), ('BRIP1', '17q23.2'), ('NBN', '8q21.3'), ('MRE11', '11q21');

INSERT INTO NUMUNE (hasta_id, depolama_id, numune_kodu, alim_tarihi, numune_turu, saklama_kosulu, tanim, durum, hacim) VALUES
(1, 1, 'NMN-001', '2025-10-01', 'Kan', '-20C', 'Arşiv', 'AKTIF', 10.0),
(2, 2, 'NMN-002', '2025-10-02', 'Serum', '-80C', 'Arşiv', 'AKTIF', 5.0),
(3, 3, 'NMN-003', '2025-10-03', 'Plazma', '-20C', 'Arşiv', 'AKTIF', 7.0),
(4, 4, 'NMN-004', '2025-10-04', 'Doku', '-196C', 'Biyopsi', 'AKTIF', 2.0),
(5, 5, 'NMN-005', '2025-10-05', 'DNA', '-20C', 'İzolasyon', 'AKTIF', 1.5),
(6, 6, 'NMN-006', '2025-10-06', 'RNA', '-80C', 'İzolasyon', 'AKTIF', 1.0),
(7, 7, 'NMN-007', '2025-10-07', 'Kan', '-20C', 'Arşiv', 'AKTIF', 10.0),
(8, 8, 'NMN-008', '2025-10-08', 'Serum', '-80C', 'Arşiv', 'AKTIF', 5.0),
(9, 9, 'NMN-009', '2025-10-09', 'Plazma', '-20C', 'Arşiv', 'AKTIF', 7.0),
(10, 10, 'NMN-010', '2025-10-10', 'Doku', '-196C', 'Biyopsi', 'AKTIF', 2.0),
(11, 11, 'NMN-011', '2025-10-11', 'Kan', '-20C', 'Arşiv', 'AKTIF', 10.0),
(12, 12, 'NMN-012', '2025-10-12', 'Serum', '-80C', 'Arşiv', 'AKTIF', 5.0),
(13, 13, 'NMN-013', '2025-10-13', 'Plazma', '-20C', 'Arşiv', 'AKTIF', 7.0),
(14, 14, 'NMN-014', '2025-10-14', 'Doku', '-196C', 'Biyopsi', 'AKTIF', 2.0),
(15, 15, 'NMN-015', '2025-10-15', 'DNA', '-20C', 'İzolasyon', 'AKTIF', 1.5),
(16, 16, 'NMN-016', '2025-10-16', 'RNA', '-80C', 'İzolasyon', 'AKTIF', 1.0),
(17, 17, 'NMN-017', '2025-10-17', 'Kan', '-20C', 'Arşiv', 'AKTIF', 10.0),
(18, 18, 'NMN-018', '2025-10-18', 'Serum', '-80C', 'Arşiv', 'AKTIF', 5.0),
(19, 19, 'NMN-019', '2025-10-19', 'Plazma', '-20C', 'Arşiv', 'AKTIF', 7.0),
(20, 20, 'NMN-020', '2025-10-20', 'Doku', '-196C', 'Biyopsi', 'AKTIF', 2.0),
(21, 21, 'NMN-021', '2025-10-21', 'Kan', '-20C', 'Arşiv', 'AKTIF', 10.0),
(22, 22, 'NMN-022', '2025-10-22', 'Serum', '-80C', 'Arşiv', 'AKTIF', 5.0),
(23, 23, 'NMN-023', '2025-10-23', 'Plazma', '-20C', 'Arşiv', 'AKTIF', 7.0),
(24, 24, 'NMN-024', '2025-10-24', 'Doku', '-196C', 'Biyopsi', 'AKTIF', 2.0),
(25, 25, 'NMN-025', '2025-10-25', 'DNA', '-20C', 'İzolasyon', 'AKTIF', 1.5),
(26, 26, 'NMN-026', '2025-10-26', 'RNA', '-80C', 'İzolasyon', 'AKTIF', 1.0),
(27, 27, 'NMN-027', '2025-10-27', 'Kan', '-20C', 'Arşiv', 'AKTIF', 10.0),
(28, 28, 'NMN-028', '2025-10-28', 'Serum', '-80C', 'Arşiv', 'AKTIF', 5.0),
(29, 29, 'NMN-029', '2025-10-29', 'Plazma', '-20C', 'Arşiv', 'AKTIF', 7.0),
(30, 30, 'NMN-030', '2025-10-30', 'Doku', '-196C', 'Biyopsi', 'AKTIF', 2.0),
(31, 31, 'NMN-031', '2025-10-31', 'Kan', '-20C', 'Arşiv', 'AKTIF', 10.0),
(32, 32, 'NMN-032', '2025-11-01', 'Serum', '-80C', 'Arşiv', 'AKTIF', 5.0),
(33, 33, 'NMN-033', '2025-11-02', 'Plazma', '-20C', 'Arşiv', 'AKTIF', 7.0),
(34, 34, 'NMN-034', '2025-11-03', 'Doku', '-196C', 'Biyopsi', 'AKTIF', 2.0),
(35, 35, 'NMN-035', '2025-11-04', 'DNA', '-20C', 'İzolasyon', 'AKTIF', 1.5),
(36, 36, 'NMN-036', '2025-11-05', 'RNA', '-80C', 'İzolasyon', 'AKTIF', 1.0),
(37, 37, 'NMN-037', '2025-11-06', 'Kan', '-20C', 'Arşiv', 'AKTIF', 10.0),
(38, 38, 'NMN-038', '2025-11-07', 'Serum', '-80C', 'Arşiv', 'AKTIF', 5.0),
(39, 39, 'NMN-039', '2025-11-08', 'Plazma', '-20C', 'Arşiv', 'AKTIF', 7.0),
(40, 40, 'NMN-040', '2025-11-09', 'Doku', '-196C', 'Biyopsi', 'AKTIF', 2.0),
(41, 41, 'NMN-041', '2025-11-10', 'Kan', '-20C', 'Arşiv', 'AKTIF', 10.0),
(42, 42, 'NMN-042', '2025-11-11', 'Serum', '-80C', 'Arşiv', 'AKTIF', 5.0),
(43, 43, 'NMN-043', '2025-11-12', 'Plazma', '-20C', 'Arşiv', 'AKTIF', 7.0),
(44, 44, 'NMN-044', '2025-11-13', 'Doku', '-196C', 'Biyopsi', 'AKTIF', 2.0),
(45, 45, 'NMN-045', '2025-11-14', 'DNA', '-20C', 'İzolasyon', 'AKTIF', 1.5),
(46, 46, 'NMN-046', '2025-11-15', 'RNA', '-80C', 'İzolasyon', 'AKTIF', 1.0),
(47, 47, 'NMN-047', '2025-11-16', 'Kan', '-20C', 'Arşiv', 'AKTIF', 10.0),
(48, 48, 'NMN-048', '2025-11-17', 'Serum', '-80C', 'Arşiv', 'AKTIF', 5.0),
(49, 49, 'NMN-049', '2025-11-18', 'Plazma', '-20C', 'Arşiv', 'AKTIF', 7.0),
(50, 50, 'NMN-050', '2025-11-19', 'Doku', '-196C', 'Biyopsi', 'AKTIF', 2.0);

INSERT INTO LAB_TESTI (numune_id, test_adi, test_tarihi, sonuc_durumu) VALUES
(1, 'Hemogram', '2025-12-19', 'TAMAMLANDI'),
(2, 'Biyokimya', '2025-12-19', 'TAMAMLANDI'),
(3, 'Genetik Tarama', '2025-12-19', 'TAMAMLANDI'),
(4, 'PCR Testi', '2025-12-19', 'TAMAMLANDI'),
(5, 'Lipid Paneli', '2025-12-19', 'TAMAMLANDI'),
(6, 'Hormon Analizi', '2025-12-19', 'TAMAMLANDI'),
(7, 'Hemogram', '2025-12-19', 'TAMAMLANDI'),
(8, 'Biyokimya', '2025-12-19', 'TAMAMLANDI'),
(9, 'Genetik Tarama', '2025-12-19', 'TAMAMLANDI'),
(10, 'PCR Testi', '2025-12-19', 'TAMAMLANDI'),
(11, 'Lipid Paneli', '2025-12-19', 'TAMAMLANDI'),
(12, 'Hormon Analizi', '2025-12-19', 'TAMAMLANDI'),
(13, 'Hemogram', '2025-12-19', 'TAMAMLANDI'),
(14, 'Biyokimya', '2025-12-19', 'TAMAMLANDI'),
(15, 'Genetik Tarama', '2025-12-19', 'TAMAMLANDI'),
(16, 'PCR Testi', '2025-12-19', 'TAMAMLANDI'),
(17, 'Lipid Paneli', '2025-12-19', 'TAMAMLANDI'),
(18, 'Hormon Analizi', '2025-12-19', 'TAMAMLANDI'),
(19, 'Hemogram', '2025-12-19', 'TAMAMLANDI'),
(20, 'Biyokimya', '2025-12-19', 'TAMAMLANDI'),
(21, 'Genetik Tarama', '2025-12-19', 'TAMAMLANDI'),
(22, 'PCR Testi', '2025-12-19', 'TAMAMLANDI'),
(23, 'Lipid Paneli', '2025-12-19', 'TAMAMLANDI'),
(24, 'Hormon Analizi', '2025-12-19', 'TAMAMLANDI'),
(25, 'Hemogram', '2025-12-19', 'TAMAMLANDI'),
(26, 'Biyokimya', '2025-12-19', 'TAMAMLANDI'),
(27, 'Genetik Tarama', '2025-12-19', 'TAMAMLANDI'),
(28, 'PCR Testi', '2025-12-19', 'TAMAMLANDI'),
(29, 'Lipid Paneli', '2025-12-19', 'TAMAMLANDI'),
(30, 'Hormon Analizi', '2025-12-19', 'TAMAMLANDI'),
(31, 'Hemogram', '2025-12-19', 'TAMAMLANDI'),
(32, 'Biyokimya', '2025-12-19', 'TAMAMLANDI'),
(33, 'Genetik Tarama', '2025-12-19', 'TAMAMLANDI'),
(34, 'PCR Testi', '2025-12-19', 'TAMAMLANDI'),
(35, 'Lipid Paneli', '2025-12-19', 'TAMAMLANDI'),
(36, 'Hormon Analizi', '2025-12-19', 'TAMAMLANDI'),
(37, 'Hemogram', '2025-12-19', 'TAMAMLANDI'),
(38, 'Biyokimya', '2025-12-19', 'TAMAMLANDI'),
(39, 'Genetik Tarama', '2025-12-19', 'TAMAMLANDI'),
(40, 'PCR Testi', '2025-12-19', 'TAMAMLANDI'),
(41, 'Lipid Paneli', '2025-12-19', 'TAMAMLANDI'),
(42, 'Hormon Analizi', '2025-12-19', 'TAMAMLANDI'),
(43, 'Hemogram', '2025-12-19', 'TAMAMLANDI'),
(44, 'Biyokimya', '2025-12-19', 'TAMAMLANDI'),
(45, 'Genetik Tarama', '2025-12-19', 'TAMAMLANDI'),
(46, 'PCR Testi', '2025-12-19', 'TAMAMLANDI'),
(47, 'Lipid Paneli', '2025-12-19', 'TAMAMLANDI'),
(48, 'Hormon Analizi', '2025-12-19', 'TAMAMLANDI'),
(49, 'Hemogram', '2025-12-19', 'TAMAMLANDI'),
(50, 'Biyokimya', '2025-12-19', 'TAMAMLANDI');

INSERT INTO SONUC_RAPORU (lab_test_id, hasta_id, doktor_id, rapor_tarihi, tani_ozeti, yorum, onay_durumu) VALUES
(1, 1, 1, '2025-12-19', 'Rapor oluşturulamadı', 'Numune yetersizliği', 'RED'),
(2, 2, 2, '2025-12-19', 'Normal bulgular', 'Sorun görülmedi', 'ONAYLANDI'),
(3, 3, 3, '2025-12-19', 'Normal bulgular', 'Sorun görülmedi', 'ONAYLANDI'),
(4, 4, 4, '2025-12-19', 'Normal bulgular', 'Sorun görülmedi', 'ONAYLANDI'),
(5, 5, 5, '2025-12-19', 'Rapor oluşturulamadı', 'Kontaminasyon', 'RED'),
(6, 6, 6, '2025-12-19', 'Normal bulgular', 'Sorun görülmedi', 'ONAYLANDI'),
(7, 7, 7, '2025-12-19', 'Normal bulgular', 'Sorun görülmedi', 'ONAYLANDI'),
(8, 8, 8, '2025-12-19', 'Normal bulgular', 'Sorun görülmedi', 'ONAYLANDI'),
(9, 9, 9, '2025-12-19', 'Ön değerlendirme bulguları', 'Rapor tamamlanmadı', 'TASLAK'),
(10, 10, 10, '2025-12-19', 'Ön değerlendirme', 'Rapor tamamlanmadı', 'TASLAK'),
(11, 11, 11, '2025-12-19', 'Normal bulgular', 'Sorun görülmedi', 'ONAYLANDI'),
(12, 12, 12, '2025-12-19', 'Rapor oluşturulamadı', 'Kontaminasyon', 'RED'),
(13, 13, 13, '2025-12-19', 'Normal bulgular', 'Sorun görülmedi', 'ONAYLANDI'),
(14, 14, 14, '2025-12-19', 'Ön değerlendirme', 'Rapor tamamlanmadı', 'TASLAK'),
(15, 15, 15, '2025-12-19', 'Normal bulgular', 'Sorun görülmedi', 'ONAYLANDI'),
(16, 16, 16, '2025-12-19', 'Normal bulgular', 'Sorun görülmedi', 'ONAYLANDI'),
(17, 17, 17, '2025-12-19', 'Normal bulgular', 'Sorun görülmedi', 'ONAYLANDI'),
(18, 18, 18, '2025-12-19', 'Ön değerlendirme', 'Rapor tamamlanmadı', 'TASLAK'),
(19, 19, 19, '2025-12-19', 'Normal bulgular', 'Sorun görülmedi', 'ONAYLANDI'),
(20, 20, 20, '2025-12-19', 'Normal bulgular', 'Sorun görülmedi', 'ONAYLANDI'),
(21, 21, 21, '2025-12-19', 'Rapor oluşturulamadı', 'Kontaminasyon', 'RED'),
(22, 22, 22, '2025-12-19', 'Normal bulgular', 'Sorun görülmedi', 'ONAYLANDI'),
(23, 23, 23, '2025-12-19', 'Rapor oluşturulamadı', 'Numune yetersizliği', 'RED'),
(24, 24, 24, '2025-12-19', 'Ön değerlendirme', 'İnceleme devam ediyor', 'TASLAK'),
(25, 25, 25, '2025-12-19', 'Ön değerlendirme', 'İnceleme devam ediyor', 'TASLAK'),
(26, 26, 26, '2025-12-19', 'Normal bulgular', 'Sorun görülmedi', 'ONAYLANDI'),
(27, 27, 27, '2025-12-19', 'Rapor oluşturulamadı', 'Numune yetersizliği', 'RED'),
(28, 28, 28, '2025-12-19', 'Normal bulgular', 'Sorun görülmedi', 'ONAYLANDI'),
(29, 29, 29, '2025-12-19', 'Normal bulgular', 'Sorun görülmedi', 'ONAYLANDI'),
(30, 30, 30, '2025-12-19', 'Rapor oluşturulamadı', 'Numune yetersizliği', 'RED'),
(31, 31, 31, '2025-12-19', 'Normal bulgular', 'Sorun görülmedi', 'ONAYLANDI'),
(32, 32, 32, '2025-12-19', 'Normal bulgular', 'Sorun görülmedi', 'ONAYLANDI'),
(33, 33, 33, '2025-12-19', 'Ön değerlendirme', 'İnceleme devam ediyor', 'TASLAK'),
(34, 34, 34, '2025-12-19', 'Ön değerlendirme', 'İnceleme devam ediyor', 'TASLAK'),
(35, 35, 35, '2025-12-19', 'Normal bulgular', 'Sorun görülmedi', 'ONAYLANDI'),
(36, 36, 36, '2025-12-19', 'Normal bulgular', 'Sorun görülmedi', 'ONAYLANDI'),
(37, 37, 37, '2025-12-19', 'Ön değerlendirme', 'Ek test bekleniyor', 'TASLAK'),
(38, 38, 38, '2025-12-19', 'Normal bulgular', 'Sorun görülmedi', 'ONAYLANDI'),
(39, 39, 39, '2025-12-19', 'Normal bulgular', 'Sorun görülmedi', 'ONAYLANDI'),
(40, 40, 40, '2025-12-19', 'Rapor oluşturulamadı', 'Test başarısız', 'RED'),
(41, 41, 41, '2025-12-19', 'Normal bulgular', 'Sorun görülmedi', 'ONAYLANDI'),
(42, 42, 42, '2025-12-19', 'Normal bulgular', 'Sorun görülmedi', 'ONAYLANDI'),
(43, 43, 43, '2025-12-19', 'Ön değerlendirme', 'Ek test bekleniyor', 'TASLAK'),
(44, 44, 44, '2025-12-19', 'Normal bulgular', 'Sorun görülmedi', 'ONAYLANDI'),
(45, 45, 45, '2025-12-19', 'Ön değerlendirme', 'Ek test bekleniyor', 'TASLAK'),
(46, 46, 46, '2025-12-19', 'Rapor oluşturulamadı', 'Test başarısız', 'RED'),
(47, 47, 47, '2025-12-19', 'Normal bulgular', 'Sorun görülmedi', 'ONAYLANDI'),
(48, 48, 48, '2025-12-19', 'Rapor oluşturulamadı', 'Test başarısız', 'RED'),
(49, 49, 49, '2025-12-19', 'Normal bulgular', 'Sorun görülmedi', 'ONAYLANDI'),
(50, 50, 50, '2025-12-19', 'Ön değerlendirme', 'Ek test bekleniyor', 'TASLAK');

INSERT INTO NUMUNE_MARKER (numune_id, marker_id, ifade_duzeyi, tespit_tarihi) VALUES
(1, 1, 1.5, '2025-12-19'), (2, 2, 2.3, '2025-12-19'), (3, 3, 0.6, '2025-12-19'), (4, 4, 1.5, '2025-12-19'),
(5, 5, 1.5, '2025-12-19'), (6, 6, 2.7, '2025-12-19'), (7, 7, 1.8, '2025-12-19'), (8, 8, 0.3, '2025-12-19'),
(9, 9, 1.2, '2025-12-19'), (10, 10, 1.9, '2025-12-19'), (11, 11, 2.5, '2025-12-19'), (12, 12, 2.7, '2025-12-19'),
(13, 13, 1.5, '2025-12-19'), (14, 14, 2.4, '2025-12-19'), (15, 15, 1.1, '2025-12-19'), (16, 16, 2.3, '2025-12-19'),
(17, 17, 1.5, '2025-12-19'), (18, 18, 0.7, '2025-12-19'), (19, 19, 2.2, '2025-12-19'), (20, 20, 1.7, '2025-12-19'),
(21, 21, 2.2, '2025-12-19'), (22, 22, 3.0, '2025-12-19'), (23, 23, 0.3, '2025-12-19'), (24, 24, 0.8, '2025-12-19'),
(25, 25, 3.0, '2025-12-19'), (26, 26, 1.0, '2025-12-19'), (27, 27, 1.5, '2025-12-19'), (28, 28, 2.9, '2025-12-19'),
(29, 29, 3.0, '2025-12-19'), (30, 30, 1.5, '2025-12-19'), (31, 31, 2.5, '2025-12-19'), (32, 32, 1.4, '2025-12-19'),
(33, 33, 1.7, '2025-12-19'), (34, 34, 2.2, '2025-12-19'), (35, 35, 0.6, '2025-12-19'), (36, 36, 2.6, '2025-12-19'),
(37, 37, 2.1, '2025-12-19'), (38, 38, 0.7, '2025-12-19'), (39, 39, 1.7, '2025-12-19'), (40, 40, 0.6, '2025-12-19'),
(41, 41, 2.2, '2025-12-19'), (42, 42, 0.3, '2025-12-19'), (43, 43, 2.8, '2025-12-19'), (44, 44, 2.3, '2025-12-19'),
(45, 45, 2.8, '2025-12-19'), (46, 46, 0.5, '2025-12-19'), (47, 47, 0.9, '2025-12-19'), (48, 48, 1.1, '2025-12-19'),
(49, 49, 0.5, '2025-12-19'), (50, 50, 1.6, '2025-12-19');

INSERT INTO NUMUNE_TAKIP_LOG (numune_id, eski_depolama_id, yeni_depolama_id, hareket_tarihi, islem_turu) VALUES
(1, NULL, 1, '2025-01-05 09:20:00', 'ALINDI'),(2, NULL, 2, '2025-01-22 14:10:00', 'ALINDI'),(3, NULL, 3, '2025-02-08 10:45:00', 'ALINDI'),
(4, NULL, 4, '2025-02-27 16:30:00', 'ALINDI'),(5, NULL, 5, '2025-03-12 11:15:00', 'ALINDI'),(6, NULL, 6, '2025-03-29 15:40:00', 'ALINDI'),
(7, NULL, 7, '2025-04-10 09:55:00', 'ALINDI'),(8, NULL, 8, '2025-04-26 13:20:00', 'ALINDI'),(9, NULL, 9, '2025-05-07 10:10:00', 'ALINDI'),
(10, NULL, 10, '2025-05-21 16:50:00', 'ALINDI'),(11, NULL, 11, '2025-06-03 09:35:00', 'ALINDI'),(12, NULL, 12, '2025-06-18 14:25:00', 'ALINDI'),
(13, NULL, 13, '2025-07-02 11:00:00', 'ALINDI'),(14, NULL, 14, '2025-07-19 15:15:00', 'ALINDI'),(15, NULL, 15, '2025-08-04 10:40:00', 'ALINDI'),
(16, NULL, 16, '2025-08-20 16:05:00', 'ALINDI'),(17, NULL, 17, '2025-09-06 09:50:00', 'ALINDI'),(18, NULL, 18, '2025-09-22 14:30:00', 'ALINDI'),
(19, NULL, 19, '2025-10-08 11:25:00', 'ALINDI'),(20, NULL, 20, '2025-10-24 15:55:00', 'ALINDI'),(21, NULL, 21, '2025-11-05 10:05:00', 'ALINDI'),
(22, NULL, 22, '2025-11-18 16:20:00', 'ALINDI'),(23, NULL, 23, '2025-12-01 09:40:00', 'ALINDI'),(24, NULL, 24, '2025-12-05 14:10:00', 'ALINDI'),
(25, NULL, 25, '2025-12-09 11:30:00', 'ALINDI'),(26, NULL, 26, '2025-12-12 15:45:00', 'ALINDI'),(27, NULL, 27, '2025-12-15 10:20:00', 'ALINDI'),
(28, NULL, 28, '2025-12-18 16:00:00', 'ALINDI'),(29, NULL, 29, '2025-12-21 09:10:00', 'ALINDI'),(30, NULL, 30, '2025-12-27 14:50:00', 'ALINDI'),
(31, 1, 5, '2025-04-15 10:30:00', 'TASINDI'),(32, 2, 6, '2025-05-28 15:10:00', 'TASINDI'),(33, 3, 7, '2025-06-12 09:45:00', 'TASINDI'),
(34, 4, 8, '2025-07-25 14:20:00', 'TASINDI'),(35, 5, 9, '2025-08-09 16:35:00', 'TASINDI'),(36, 6, 10, '2025-09-14 11:00:00', 'TASINDI'),
(37, 7, 11, '2025-10-02 15:50:00', 'TASINDI'),(38, 8, 12, '2025-10-19 10:15:00', 'TASINDI'),(39, 9, 13, '2025-11-08 14:40:00', 'TASINDI'),
(40, 10, 14, '2025-11-26 16:10:00', 'TASINDI'),(41, 11, NULL, '2025-06-30 09:30:00', 'CIKARILDI'),(42, 12, NULL, '2025-07-16 14:00:00', 'CIKARILDI'),
(43, 13, NULL, '2025-08-28 10:20:00', 'CIKARILDI'),(44, 14, NULL, '2025-09-30 16:45:00', 'CIKARILDI'),(45, 15, NULL, '2025-10-18 11:10:00', 'CIKARILDI'),
(46, 16, NULL, '2025-11-03 15:35:00', 'CIKARILDI'),(47, 17, NULL, '2025-11-21 09:55:00', 'CIKARILDI'),(48, 18, NULL, '2025-12-03 14:25:00', 'CIKARILDI'),
(49, 19, NULL, '2025-12-14 10:40:00', 'CIKARILDI'),(50, 20, NULL, '2025-12-28 16:05:00', 'CIKARILDI');


